name,classname
00001.jpg,not_a_person
00002.jpg,not_a_person
00003.jpg,not_a_person
00004.jpg,not_a_person
00005.jpg,not_a_person
00006.jpg,not_a_person
00007.jpg,not_a_person
00008.jpg,not_a_person
00009.jpg,not_a_person
00010.jpg,not_a_person
00011.jpg,not_a_person
00012.jpg,not_a_person
00013.jpg,not_a_person
00014.jpg,not_a_person
00015.jpg,not_a_person
00016.jpg,not_a_person
00017.jpg,not_a_person
00018.jpg,not_a_person
00019.jpg,not_a_person
00020.jpg,not_a_person
00021.jpg,not_a_person
00022.jpg,not_a_person
00023.jpg,not_a_person
00024.jpg,not_a_person
00025.jpg,not_a_person
00026.jpg,not_a_person
00027.jpg,not_a_person
00028.jpg,not_a_person
00029.jpg,not_a_person
00030.jpg,not_a_person
00031.jpg,not_a_person
00032.jpg,not_a_person
00033.jpg,not_a_person
00034.jpg,not_a_person
00035.jpg,not_a_person
00036.jpg,not_a_person
00037.jpg,not_a_person
00038.jpg,not_a_person
00039.jpg,not_a_person
00040.jpg,not_a_person
00041.jpg,not_a_person
00042.jpg,not_a_person
00043.jpg,not_a_person
00044.jpg,not_a_person
00045.jpg,not_a_person
00046.jpg,not_a_person
00047.jpg,not_a_person
00048.jpg,not_a_person
00049.jpg,not_a_person
00050.jpg,not_a_person
00051.jpg,not_a_person
00052.jpg,not_a_person
00053.jpg,not_a_person
00054.jpg,not_a_person
00055.jpg,not_a_person
00056.jpg,not_a_person
00057.jpg,not_a_person
00058.jpg,not_a_person
00059.jpg,not_a_person
00060.jpg,not_a_person
00061.jpg,not_a_person
00062.jpg,not_a_person
00063.jpg,not_a_person
00064.jpg,not_a_person
00065.jpg,not_a_person
00066.jpg,not_a_person
00067.jpg,not_a_person
00068.jpg,not_a_person
00069.jpg,not_a_person
00070.jpg,not_a_person
00071.jpg,not_a_person
00072.jpg,not_a_person
00073.jpg,not_a_person
00074.jpg,not_a_person
00075.jpg,not_a_person
00076.jpg,not_a_person
00077.jpg,not_a_person
00078.jpg,not_a_person
00079.jpg,not_a_person
00080.jpg,not_a_person
00081.jpg,not_a_person
00082.jpg,not_a_person
00083.jpg,not_a_person
00084.jpg,not_a_person
00085.jpg,not_a_person
00086.jpg,not_a_person
00087.jpg,not_a_person
00088.jpg,not_a_person
00089.jpg,not_a_person
00090.jpg,not_a_person
00091.jpg,not_a_person
00092.jpg,not_a_person
00093.jpg,not_a_person
00094.jpg,not_a_person
00095.jpg,not_a_person
00096.jpg,not_a_person
00097.jpg,not_a_person
00098.jpg,not_a_person
00099.jpg,not_a_person
00100.jpg,not_a_person
00101.jpg,not_a_person
00102.jpg,not_a_person
00103.jpg,not_a_person
00104.jpg,not_a_person
00105.jpg,not_a_person
00106.jpg,not_a_person
00107.jpg,not_a_person
00108.jpg,not_a_person
00109.jpg,not_a_person
00110.jpg,not_a_person
00111.jpg,not_a_person
00112.jpg,not_a_person
00113.jpg,not_a_person
00114.jpg,not_a_person
00115.jpg,not_a_person
00116.jpg,not_a_person
00117.jpg,not_a_person
00118.jpg,not_a_person
00119.jpg,not_a_person
00120.jpg,not_a_person
00121.jpg,not_a_person
00122.jpg,not_a_person
00123.jpg,not_a_person
00124.jpg,not_a_person
00125.jpg,not_a_person
00126.jpg,not_a_person
00127.jpg,not_a_person
00128.jpg,not_a_person
00129.jpg,not_a_person
00130.jpg,not_a_person
00131.jpg,not_a_person
00132.jpg,not_a_person
00133.jpg,not_a_person
00134.jpg,not_a_person
00135.jpg,not_a_person
00136.jpg,not_a_person
00137.jpg,not_a_person
00138.jpg,not_a_person
00139.jpg,not_a_person
00140.jpg,not_a_person
00141.jpg,not_a_person
00142.jpg,not_a_person
00143.jpg,not_a_person
00144.jpg,not_a_person
00145.jpg,not_a_person
00146.jpg,not_a_person
00147.jpg,not_a_person
00148.jpg,not_a_person
00149.jpg,not_a_person
00150.jpg,not_a_person
00151.jpg,not_a_person
00152.jpg,not_a_person
00153.jpg,not_a_person
00154.jpg,not_a_person
00155.jpg,not_a_person
00156.jpg,not_a_person
00157.jpg,not_a_person
00158.jpg,not_a_person
00159.jpg,not_a_person
00160.jpg,not_a_person
00161.jpg,not_a_person
00162.jpg,not_a_person
00163.jpg,not_a_person
00164.jpg,not_a_person
00165.jpg,not_a_person
00166.jpg,not_a_person
00167.jpg,not_a_person
00168.jpg,not_a_person
00169.jpg,not_a_person
00170.jpg,not_a_person
00171.jpg,not_a_person
00172.jpg,not_a_person
00173.jpg,not_a_person
00174.jpg,not_a_person
00175.jpg,not_a_person
00176.jpg,not_a_person
00177.jpg,not_a_person
00178.jpg,not_a_person
00179.jpg,not_a_person
00180.jpg,not_a_person
00181.jpg,not_a_person
00182.jpg,not_a_person
00183.jpg,not_a_person
00184.jpg,not_a_person
00185.jpg,not_a_person
00186.jpg,not_a_person
00187.jpg,not_a_person
00188.jpg,not_a_person
00189.jpg,not_a_person
00190.jpg,not_a_person
00191.jpg,not_a_person
00192.jpg,not_a_person
00193.jpg,not_a_person
00194.jpg,not_a_person
00195.jpg,not_a_person
00196.jpg,not_a_person
00197.jpg,not_a_person
00198.jpg,not_a_person
00199.jpg,not_a_person
00200.jpg,not_a_person
00201.jpg,not_a_person
00202.jpg,not_a_person
00203.jpg,not_a_person
00204.jpg,not_a_person
00205.jpg,not_a_person
00206.jpg,not_a_person
00207.jpg,not_a_person
00208.jpg,not_a_person
00209.jpg,not_a_person
00210.jpg,not_a_person
00211.jpg,not_a_person
00212.jpg,not_a_person
00213.jpg,not_a_person
00214.jpg,not_a_person
00215.jpg,not_a_person
00216.jpg,not_a_person
00217.jpg,not_a_person
00218.jpg,not_a_person
00219.jpg,not_a_person
00220.jpg,not_a_person
00221.jpg,not_a_person
00222.jpg,not_a_person
00223.jpg,not_a_person
00224.jpg,not_a_person
00225.jpg,not_a_person
00226.jpg,not_a_person
00227.jpg,not_a_person
00228.jpg,not_a_person
00229.jpg,not_a_person
00230.jpg,not_a_person
00231.jpg,not_a_person
00232.jpg,not_a_person
00233.jpg,not_a_person
00234.jpg,not_a_person
00235.jpg,not_a_person
00236.jpg,not_a_person
00237.jpg,not_a_person
00238.jpg,not_a_person
00239.jpg,not_a_person
00240.jpg,not_a_person
00241.jpg,not_a_person
00242.jpg,not_a_person
00243.jpg,not_a_person
00244.jpg,not_a_person
00245.jpg,not_a_person
00246.jpg,not_a_person
00247.jpg,not_a_person
00248.jpg,not_a_person
00249.jpg,not_a_person
00250.jpg,not_a_person
00251.jpg,not_a_person
00252.jpg,not_a_person
00253.jpg,not_a_person
00254.jpg,not_a_person
00255.jpg,not_a_person
00256.jpg,not_a_person
00257.jpg,not_a_person
00258.jpg,not_a_person
00259.jpg,not_a_person
00260.jpg,not_a_person
00261.jpg,not_a_person
00262.jpg,not_a_person
00263.jpg,not_a_person
00264.jpg,not_a_person
00265.jpg,not_a_person
00266.jpg,not_a_person
00267.jpg,not_a_person
00268.jpg,not_a_person
00269.jpg,not_a_person
00270.jpg,not_a_person
00271.jpg,not_a_person
00272.jpg,not_a_person
00273.jpg,not_a_person
00274.jpg,not_a_person
00275.jpg,not_a_person
00276.jpg,not_a_person
00277.jpg,not_a_person
00278.jpg,not_a_person
00279.jpg,not_a_person
00280.jpg,not_a_person
00281.jpg,not_a_person
00282.jpg,not_a_person
00283.jpg,not_a_person
00284.jpg,not_a_person
00285.jpg,not_a_person
00286.jpg,not_a_person
00287.jpg,not_a_person
00288.jpg,not_a_person
00289.jpg,not_a_person
00290.jpg,not_a_person
00291.jpg,not_a_person
00292.jpg,not_a_person
00293.jpg,not_a_person
00294.jpg,not_a_person
00295.jpg,not_a_person
00296.jpg,not_a_person
00297.jpg,not_a_person
00298.jpg,not_a_person
00299.jpg,not_a_person
00300.jpg,not_a_person
00301.jpg,not_a_person
00302.jpg,not_a_person
00303.jpg,not_a_person
00304.jpg,not_a_person
00305.jpg,not_a_person
00306.jpg,not_a_person
00307.jpg,not_a_person
00308.jpg,not_a_person
00309.jpg,not_a_person
00310.jpg,not_a_person
00311.jpg,not_a_person
00312.jpg,not_a_person
00313.jpg,not_a_person
00314.jpg,not_a_person
00315.jpg,not_a_person
00316.jpg,not_a_person
00317.jpg,not_a_person
00318.jpg,not_a_person
00319.jpg,not_a_person
00320.jpg,not_a_person
00321.jpg,not_a_person
00322.jpg,not_a_person
00323.jpg,not_a_person
00324.jpg,not_a_person
00325.jpg,not_a_person
00326.jpg,not_a_person
00327.jpg,not_a_person
00328.jpg,not_a_person
00329.jpg,not_a_person
00330.jpg,not_a_person
00331.jpg,not_a_person
00332.jpg,not_a_person
00333.jpg,not_a_person
00334.jpg,not_a_person
00335.jpg,not_a_person
00336.jpg,not_a_person
00337.jpg,not_a_person
00338.jpg,not_a_person
00339.jpg,not_a_person
00340.jpg,not_a_person
00341.jpg,not_a_person
00342.jpg,not_a_person
00343.jpg,not_a_person
00344.jpg,not_a_person
00345.jpg,not_a_person
00346.jpg,not_a_person
00347.jpg,not_a_person
00348.jpg,not_a_person
00349.jpg,not_a_person
00350.jpg,not_a_person
00351.jpg,not_a_person
00352.jpg,not_a_person
00353.jpg,not_a_person
00354.jpg,not_a_person
00355.jpg,not_a_person
00356.jpg,not_a_person
00357.jpg,not_a_person
00358.jpg,not_a_person
00359.jpg,not_a_person
00360.jpg,not_a_person
00361.jpg,not_a_person
00362.jpg,not_a_person
00363.jpg,not_a_person
00364.jpg,not_a_person
00365.jpg,not_a_person
00366.jpg,not_a_person
00367.jpg,not_a_person
00368.jpg,not_a_person
00369.jpg,not_a_person
00370.jpg,not_a_person
00371.jpg,not_a_person
00372.jpg,not_a_person
00373.jpg,not_a_person
00374.jpg,not_a_person
00375.jpg,not_a_person
00376.jpg,not_a_person
00377.jpg,not_a_person
00378.jpg,not_a_person
00379.jpg,not_a_person
00380.jpg,not_a_person
00381.jpg,not_a_person
00382.jpg,not_a_person
00383.jpg,not_a_person
00384.jpg,not_a_person
00385.jpg,not_a_person
00386.jpg,not_a_person
00387.jpg,not_a_person
00388.jpg,not_a_person
00389.jpg,not_a_person
00390.jpg,not_a_person
00391.jpg,not_a_person
00392.jpg,not_a_person
00393.jpg,not_a_person
00394.jpg,not_a_person
00395.jpg,not_a_person
00396.jpg,not_a_person
00397.jpg,not_a_person
00398.jpg,not_a_person
00399.jpg,not_a_person
00400.jpg,not_a_person
00401.jpg,not_a_person
00402.jpg,not_a_person
00403.jpg,not_a_person
00404.jpg,not_a_person
00405.jpg,not_a_person
00406.jpg,not_a_person
00407.jpg,not_a_person
00408.jpg,not_a_person
00409.jpg,not_a_person
00410.jpg,not_a_person
00411.jpg,not_a_person
00412.jpg,not_a_person
00413.jpg,not_a_person
00414.jpg,not_a_person
00415.jpg,not_a_person
00416.jpg,not_a_person
00417.jpg,not_a_person
00418.jpg,not_a_person
00419.jpg,not_a_person
00420.jpg,not_a_person
00421.jpg,not_a_person
00422.jpg,not_a_person
00423.jpg,not_a_person
00424.jpg,not_a_person
00425.jpg,not_a_person
00426.jpg,not_a_person
00427.jpg,not_a_person
00428.jpg,not_a_person
00429.jpg,not_a_person
00430.jpg,not_a_person
00431.jpg,not_a_person
00432.jpg,not_a_person
00433.jpg,not_a_person
00434.jpg,not_a_person
00435.jpg,not_a_person
00436.jpg,not_a_person
00437.jpg,not_a_person
00438.jpg,not_a_person
00439.jpg,not_a_person
00440.jpg,not_a_person
00441.jpg,not_a_person
00442.jpg,not_a_person
00443.jpg,not_a_person
00444.jpg,not_a_person
00445.jpg,not_a_person
00446.jpg,not_a_person
00447.jpg,not_a_person
00448.jpg,not_a_person
00449.jpg,not_a_person
00450.jpg,not_a_person
00451.jpg,not_a_person
00452.jpg,not_a_person
00453.jpg,not_a_person
00454.jpg,not_a_person
00455.jpg,not_a_person
00456.jpg,not_a_person
00457.jpg,not_a_person
00458.jpg,not_a_person
00459.jpg,not_a_person
00460.jpg,not_a_person
00461.jpg,not_a_person
00462.jpg,not_a_person
00463.jpg,not_a_person
00464.jpg,not_a_person
00465.jpg,not_a_person
00466.jpg,not_a_person
00467.jpg,not_a_person
00468.jpg,not_a_person
00469.jpg,not_a_person
00470.jpg,not_a_person
00471.jpg,not_a_person
00472.jpg,not_a_person
00473.jpg,not_a_person
00474.jpg,not_a_person
00475.jpg,not_a_person
00476.jpg,not_a_person
00477.jpg,not_a_person
00478.jpg,not_a_person
00479.jpg,not_a_person
00480.jpg,not_a_person
00481.jpg,not_a_person
00482.jpg,not_a_person
00483.jpg,not_a_person
00484.jpg,not_a_person
00485.jpg,not_a_person
00486.jpg,not_a_person
00487.jpg,not_a_person
00488.jpg,not_a_person
00489.jpg,not_a_person
00490.jpg,not_a_person
00491.jpg,not_a_person
00492.jpg,not_a_person
00493.jpg,not_a_person
00494.jpg,not_a_person
00495.jpg,not_a_person
00496.jpg,not_a_person
00497.jpg,not_a_person
00498.jpg,not_a_person
00499.jpg,not_a_person
00500.jpg,not_a_person
00501.jpg,not_a_person
00502.jpg,not_a_person
00503.jpg,not_a_person
00504.jpg,not_a_person
00505.jpg,not_a_person
00506.jpg,not_a_person
00507.jpg,not_a_person
00508.jpg,not_a_person
00509.jpg,not_a_person
00510.jpg,not_a_person
00511.jpg,not_a_person
00512.jpg,not_a_person
00513.jpg,not_a_person
00514.jpg,not_a_person
00515.jpg,not_a_person
00516.jpg,not_a_person
00517.jpg,not_a_person
00518.jpg,not_a_person
00519.jpg,not_a_person
00520.jpg,not_a_person
00521.jpg,not_a_person
00522.jpg,not_a_person
00523.jpg,not_a_person
00524.jpg,not_a_person
00525.jpg,not_a_person
00526.jpg,not_a_person
00527.jpg,not_a_person
00528.jpg,not_a_person
00529.jpg,not_a_person
00530.jpg,not_a_person
00531.jpg,not_a_person
00532.jpg,not_a_person
00533.jpg,not_a_person
00534.jpg,not_a_person
00535.jpg,not_a_person
00536.jpg,not_a_person
00537.jpg,not_a_person
00538.jpg,not_a_person
00539.jpg,not_a_person
00540.jpg,not_a_person
00541.jpg,not_a_person
00542.jpg,not_a_person
00543.jpg,not_a_person
00544.jpg,not_a_person
00545.jpg,not_a_person
00546.jpg,not_a_person
00547.jpg,not_a_person
00548.jpg,not_a_person
00549.jpg,not_a_person
00550.jpg,not_a_person
00551.jpg,not_a_person
00552.jpg,not_a_person
00553.jpg,not_a_person
00554.jpg,not_a_person
00555.jpg,not_a_person
00556.jpg,not_a_person
00557.jpg,not_a_person
00558.jpg,not_a_person
00559.jpg,not_a_person
00560.jpg,not_a_person
00561.jpg,not_a_person
00562.jpg,not_a_person
00563.jpg,not_a_person
00564.jpg,not_a_person
00565.jpg,not_a_person
00566.jpg,not_a_person
00567.jpg,not_a_person
00568.jpg,not_a_person
00569.jpg,not_a_person
00570.jpg,not_a_person
00571.jpg,not_a_person
00572.jpg,not_a_person
00573.jpg,not_a_person
00574.jpg,not_a_person
00575.jpg,not_a_person
00576.jpg,not_a_person
00577.jpg,not_a_person
00578.jpg,not_a_person
00579.jpg,not_a_person
00580.jpg,not_a_person
00581.jpg,not_a_person
00582.jpg,not_a_person
00583.jpg,not_a_person
00584.jpg,not_a_person
00585.jpg,not_a_person
00586.jpg,not_a_person
00587.jpg,not_a_person
00588.jpg,not_a_person
00589.jpg,not_a_person
00590.jpg,not_a_person
00591.jpg,not_a_person
00592.jpg,not_a_person
00593.jpg,not_a_person
00594.jpg,not_a_person
00595.jpg,not_a_person
00596.jpg,not_a_person
00597.jpg,not_a_person
00598.jpg,not_a_person
00599.jpg,not_a_person
00600.jpg,not_a_person
00601.jpg,not_a_person
00602.jpg,not_a_person
00603.jpg,not_a_person
00604.jpg,not_a_person
00605.jpg,not_a_person
00606.jpg,not_a_person
00607.jpg,not_a_person
00608.jpg,not_a_person
00609.jpg,not_a_person
00610.jpg,not_a_person
00611.jpg,not_a_person
00612.jpg,not_a_person
00613.jpg,not_a_person
00614.jpg,not_a_person
00615.jpg,not_a_person
00616.jpg,not_a_person
00617.jpg,not_a_person
00618.jpg,not_a_person
00619.jpg,not_a_person
00620.jpg,not_a_person
00621.jpg,not_a_person
00622.jpg,not_a_person
00623.jpg,not_a_person
00624.jpg,not_a_person
00625.jpg,not_a_person
00626.jpg,not_a_person
00627.jpg,not_a_person
00628.jpg,not_a_person
00629.jpg,not_a_person
00630.jpg,not_a_person
00631.jpg,not_a_person
00632.jpg,not_a_person
00633.jpg,not_a_person
00634.jpg,not_a_person
00635.jpg,not_a_person
00636.jpg,not_a_person
00637.jpg,not_a_person
00638.jpg,not_a_person
00639.jpg,not_a_person
00640.jpg,not_a_person
00641.jpg,not_a_person
00642.jpg,not_a_person
00643.jpg,not_a_person
00644.jpg,not_a_person
00645.jpg,not_a_person
00646.jpg,not_a_person
00647.jpg,not_a_person
00648.jpg,not_a_person
00649.jpg,not_a_person
00650.jpg,not_a_person
00651.jpg,not_a_person
00652.jpg,not_a_person
00653.jpg,not_a_person
00654.jpg,not_a_person
00655.jpg,not_a_person
00656.jpg,not_a_person
00657.jpg,not_a_person
00658.jpg,not_a_person
00659.jpg,not_a_person
00660.jpg,not_a_person
00661.jpg,not_a_person
00662.jpg,not_a_person
00663.jpg,not_a_person
00664.jpg,not_a_person
00665.jpg,not_a_person
00666.jpg,not_a_person
00667.jpg,not_a_person
00668.jpg,not_a_person
00669.jpg,not_a_person
00670.jpg,not_a_person
00671.jpg,not_a_person
00672.jpg,not_a_person
00673.jpg,not_a_person
00674.jpg,not_a_person
00675.jpg,not_a_person
00676.jpg,not_a_person
00677.jpg,not_a_person
00678.jpg,not_a_person
00679.jpg,not_a_person
00680.jpg,not_a_person
00681.jpg,not_a_person
00682.jpg,not_a_person
00683.jpg,not_a_person
00684.jpg,not_a_person
00685.jpg,not_a_person
00686.jpg,not_a_person
00687.jpg,not_a_person
00688.jpg,not_a_person
00689.jpg,not_a_person
00690.jpg,not_a_person
00691.jpg,not_a_person
00692.jpg,not_a_person
00693.jpg,not_a_person
00694.jpg,not_a_person
00695.jpg,not_a_person
00696.jpg,not_a_person
00697.jpg,not_a_person
00698.jpg,not_a_person
00699.jpg,not_a_person
00700.jpg,not_a_person
00701.jpg,not_a_person
00702.jpg,not_a_person
00703.jpg,not_a_person
00704.jpg,not_a_person
00705.jpg,not_a_person
00706.jpg,not_a_person
00707.jpg,not_a_person
00708.jpg,not_a_person
00709.jpg,not_a_person
00710.jpg,not_a_person
00711.jpg,not_a_person
00712.jpg,not_a_person
00713.jpg,not_a_person
00714.jpg,not_a_person
00715.jpg,not_a_person
00716.jpg,not_a_person
00717.jpg,not_a_person
00718.jpg,not_a_person
00719.jpg,not_a_person
00720.jpg,not_a_person
00721.jpg,not_a_person
00722.jpg,not_a_person
00723.jpg,not_a_person
00724.jpg,not_a_person
00725.jpg,not_a_person
00726.jpg,not_a_person
00727.jpg,not_a_person
00728.jpg,not_a_person
00729.jpg,not_a_person
00730.jpg,not_a_person
00731.jpg,not_a_person
00732.jpg,not_a_person
00733.jpg,not_a_person
00734.jpg,not_a_person
00735.jpg,not_a_person
00736.jpg,not_a_person
00737.jpg,not_a_person
00738.jpg,not_a_person
00739.jpg,not_a_person
00740.jpg,not_a_person
00741.jpg,not_a_person
00742.jpg,not_a_person
00743.jpg,not_a_person
00744.jpg,not_a_person
00745.jpg,not_a_person
00746.jpg,not_a_person
00747.jpg,not_a_person
00748.jpg,not_a_person
00749.jpg,not_a_person
00750.jpg,not_a_person
00751.jpg,not_a_person
00752.jpg,not_a_person
00753.jpg,not_a_person
00754.jpg,not_a_person
00755.jpg,not_a_person
00756.jpg,not_a_person
00757.jpg,not_a_person
00758.jpg,not_a_person
00759.jpg,not_a_person
00760.jpg,not_a_person
00761.jpg,not_a_person
00762.jpg,not_a_person
00763.jpg,not_a_person
00764.jpg,not_a_person
00765.jpg,not_a_person
00766.jpg,not_a_person
00767.jpg,not_a_person
00768.jpg,not_a_person
00769.jpg,not_a_person
00770.jpg,not_a_person
00771.jpg,not_a_person
00772.jpg,not_a_person
00773.jpg,not_a_person
00774.jpg,not_a_person
00775.jpg,not_a_person
00776.jpg,not_a_person
00777.jpg,not_a_person
00778.jpg,not_a_person
00779.jpg,not_a_person
00780.jpg,not_a_person
00781.jpg,not_a_person
00782.jpg,not_a_person
00783.jpg,not_a_person
00784.jpg,not_a_person
00785.jpg,not_a_person
00786.jpg,not_a_person
00787.jpg,not_a_person
00788.jpg,not_a_person
00789.jpg,not_a_person
00790.jpg,not_a_person
00791.jpg,not_a_person
00792.jpg,not_a_person
00793.jpg,not_a_person
00794.jpg,not_a_person
00795.jpg,not_a_person
00796.jpg,not_a_person
00797.jpg,not_a_person
00798.jpg,not_a_person
00799.jpg,not_a_person
00800.jpg,not_a_person
00801.jpg,not_a_person
00802.jpg,not_a_person
00803.jpg,not_a_person
00804.jpg,not_a_person
00805.jpg,not_a_person
00806.jpg,not_a_person
00807.jpg,not_a_person
00808.jpg,not_a_person
00809.jpg,not_a_person
00810.jpg,not_a_person
00811.jpg,not_a_person
00812.jpg,not_a_person
00813.jpg,not_a_person
00814.jpg,not_a_person
00815.jpg,not_a_person
00816.jpg,not_a_person
00817.jpg,not_a_person
00818.jpg,not_a_person
00819.jpg,not_a_person
00820.jpg,not_a_person
00821.jpg,not_a_person
00822.jpg,not_a_person
00823.jpg,not_a_person
00824.jpg,not_a_person
00825.jpg,not_a_person
00826.jpg,not_a_person
00827.jpg,not_a_person
00828.jpg,not_a_person
00829.jpg,not_a_person
00830.jpg,not_a_person
00831.jpg,not_a_person
00832.jpg,not_a_person
00833.jpg,not_a_person
00834.jpg,not_a_person
00835.jpg,not_a_person
00836.jpg,not_a_person
00837.jpg,not_a_person
00838.jpg,not_a_person
00839.jpg,not_a_person
00840.jpg,not_a_person
00841.jpg,not_a_person
00842.jpg,not_a_person
00843.jpg,not_a_person
00844.jpg,not_a_person
00845.jpg,not_a_person
00846.jpg,not_a_person
00847.jpg,not_a_person
00848.jpg,not_a_person
00849.jpg,not_a_person
00850.jpg,not_a_person
00851.jpg,not_a_person
00852.jpg,not_a_person
00853.jpg,not_a_person
00854.jpg,not_a_person
00855.jpg,not_a_person
00856.jpg,not_a_person
00857.jpg,not_a_person
00858.jpg,not_a_person
00859.jpg,not_a_person
00860.jpg,not_a_person
00861.jpg,not_a_person
00862.jpg,not_a_person
00863.jpg,not_a_person
00864.jpg,not_a_person
00865.jpg,not_a_person
00866.jpg,not_a_person
00867.jpg,not_a_person
00868.jpg,not_a_person
00869.jpg,not_a_person
00870.jpg,not_a_person
00871.jpg,not_a_person
00872.jpg,not_a_person
00873.jpg,not_a_person
00874.jpg,not_a_person
00875.jpg,not_a_person
00876.jpg,not_a_person
00877.jpg,not_a_person
00878.jpg,not_a_person
00879.jpg,not_a_person
00880.jpg,not_a_person
00881.jpg,not_a_person
00882.jpg,not_a_person
00883.jpg,not_a_person
00884.jpg,not_a_person
00885.jpg,not_a_person
00886.jpg,not_a_person
00887.jpg,not_a_person
00888.jpg,not_a_person
00889.jpg,not_a_person
00890.jpg,not_a_person
00891.jpg,not_a_person
00892.jpg,not_a_person
00893.jpg,not_a_person
00894.jpg,not_a_person
00895.jpg,not_a_person
00896.jpg,not_a_person
00897.jpg,not_a_person
00898.jpg,not_a_person
00899.jpg,not_a_person
00900.jpg,not_a_person
00901.jpg,not_a_person
00902.jpg,not_a_person
00903.jpg,not_a_person
00904.jpg,not_a_person
00905.jpg,not_a_person
00906.jpg,not_a_person
00907.jpg,not_a_person
00908.jpg,not_a_person
00909.jpg,not_a_person
00910.jpg,not_a_person
00911.jpg,not_a_person
00912.jpg,not_a_person
00913.jpg,not_a_person
00914.jpg,not_a_person
00915.jpg,not_a_person
00916.jpg,not_a_person
00917.jpg,not_a_person
00918.jpg,not_a_person
00919.jpg,not_a_person
00920.jpg,not_a_person
00921.jpg,not_a_person
00922.jpg,not_a_person
00923.jpg,not_a_person
00924.jpg,not_a_person
00925.jpg,not_a_person
00926.jpg,not_a_person
00927.jpg,not_a_person
00928.jpg,not_a_person
00929.jpg,not_a_person
00930.jpg,not_a_person
00931.jpg,not_a_person
00932.jpg,not_a_person
00933.jpg,not_a_person
00934.jpg,not_a_person
00935.jpg,not_a_person
00936.jpg,not_a_person
00937.jpg,not_a_person
00938.jpg,not_a_person
00939.jpg,not_a_person
00940.jpg,not_a_person
00941.jpg,not_a_person
00942.jpg,not_a_person
00943.jpg,not_a_person
00944.jpg,not_a_person
00945.jpg,not_a_person
00946.jpg,not_a_person
00947.jpg,not_a_person
00948.jpg,not_a_person
00949.jpg,not_a_person
00950.jpg,not_a_person
00951.jpg,not_a_person
00952.jpg,not_a_person
00953.jpg,not_a_person
00954.jpg,not_a_person
00955.jpg,not_a_person
00956.jpg,not_a_person
00957.jpg,not_a_person
00958.jpg,not_a_person
00959.jpg,not_a_person
00960.jpg,not_a_person
00961.jpg,not_a_person
00962.jpg,not_a_person
00963.jpg,not_a_person
00964.jpg,not_a_person
00965.jpg,not_a_person
00966.jpg,not_a_person
00967.jpg,not_a_person
00968.jpg,not_a_person
00969.jpg,not_a_person
00970.jpg,not_a_person
00971.jpg,not_a_person
00972.jpg,not_a_person
00973.jpg,not_a_person
00974.jpg,not_a_person
00975.jpg,not_a_person
00976.jpg,not_a_person
00977.jpg,not_a_person
00978.jpg,not_a_person
00979.jpg,not_a_person
00980.jpg,not_a_person
00981.jpg,not_a_person
00982.jpg,not_a_person
00983.jpg,not_a_person
00984.jpg,not_a_person
00985.jpg,not_a_person
00986.jpg,not_a_person
00987.jpg,not_a_person
00988.jpg,not_a_person
00989.jpg,not_a_person
00990.jpg,not_a_person
00991.jpg,not_a_person
00992.jpg,not_a_person
00993.jpg,not_a_person
00994.jpg,not_a_person
00995.jpg,not_a_person
00996.jpg,not_a_person
00997.jpg,not_a_person
00998.jpg,not_a_person
00999.jpg,not_a_person
01000.jpg,not_a_person
01001.jpg,not_a_person
01002.jpg,not_a_person
01003.jpg,not_a_person
01004.jpg,not_a_person
01005.jpg,not_a_person
01006.jpg,not_a_person
01007.jpg,not_a_person
01008.jpg,not_a_person
01009.jpg,not_a_person
01010.jpg,not_a_person
01011.jpg,not_a_person
01012.jpg,not_a_person
01013.jpg,not_a_person
01014.jpg,not_a_person
01015.jpg,not_a_person
01016.jpg,not_a_person
01017.jpg,not_a_person
01018.jpg,not_a_person
01019.jpg,not_a_person
01020.jpg,not_a_person
01021.jpg,not_a_person
01022.jpg,not_a_person
01023.jpg,not_a_person
01024.jpg,not_a_person
01025.jpg,not_a_person
01026.jpg,not_a_person
01027.jpg,not_a_person
01028.jpg,not_a_person
01029.jpg,not_a_person
01030.jpg,not_a_person
01031.jpg,not_a_person
01032.jpg,not_a_person
01033.jpg,not_a_person
01034.jpg,not_a_person
01035.jpg,not_a_person
01036.jpg,not_a_person
01037.jpg,not_a_person
01038.jpg,not_a_person
01039.jpg,not_a_person
01040.jpg,not_a_person
01041.jpg,not_a_person
01042.jpg,not_a_person
01043.jpg,not_a_person
01044.jpg,not_a_person
01045.jpg,not_a_person
01046.jpg,not_a_person
01047.jpg,not_a_person
01048.jpg,not_a_person
01049.jpg,not_a_person
01050.jpg,not_a_person
01051.jpg,not_a_person
01052.jpg,not_a_person
01053.jpg,not_a_person
01054.jpg,not_a_person
01055.jpg,not_a_person
01056.jpg,not_a_person
01057.jpg,not_a_person
01058.jpg,not_a_person
01059.jpg,not_a_person
01060.jpg,not_a_person
01061.jpg,not_a_person
01062.jpg,not_a_person
01063.jpg,not_a_person
01064.jpg,not_a_person
01065.jpg,not_a_person
01066.jpg,not_a_person
01067.jpg,not_a_person
01068.jpg,not_a_person
01069.jpg,not_a_person
01070.jpg,not_a_person
01071.jpg,not_a_person
01072.jpg,not_a_person
01073.jpg,not_a_person
01074.jpg,not_a_person
01075.jpg,not_a_person
01076.jpg,not_a_person
01077.jpg,not_a_person
01078.jpg,not_a_person
01079.jpg,not_a_person
01080.jpg,not_a_person
01081.jpg,not_a_person
01082.jpg,not_a_person
01083.jpg,not_a_person
01084.jpg,not_a_person
01085.jpg,not_a_person
01086.jpg,not_a_person
01087.jpg,not_a_person
01088.jpg,not_a_person
01089.jpg,not_a_person
01090.jpg,not_a_person
01091.jpg,not_a_person
01092.jpg,not_a_person
01093.jpg,not_a_person
01094.jpg,not_a_person
01095.jpg,not_a_person
01096.jpg,not_a_person
01097.jpg,not_a_person
01098.jpg,not_a_person
01099.jpg,not_a_person
01100.jpg,not_a_person
01101.jpg,not_a_person
01102.jpg,not_a_person
01103.jpg,not_a_person
01104.jpg,not_a_person
01105.jpg,not_a_person
01106.jpg,not_a_person
01107.jpg,not_a_person
01108.jpg,not_a_person
01109.jpg,not_a_person
01110.jpg,not_a_person
01111.jpg,not_a_person
01112.jpg,not_a_person
01113.jpg,not_a_person
01114.jpg,not_a_person
01115.jpg,not_a_person
01116.jpg,not_a_person
01117.jpg,not_a_person
01118.jpg,not_a_person
01119.jpg,not_a_person
01120.jpg,not_a_person
01121.jpg,not_a_person
01122.jpg,not_a_person
01123.jpg,not_a_person
01124.jpg,not_a_person
01125.jpg,not_a_person
01126.jpg,not_a_person
01127.jpg,not_a_person
01128.jpg,not_a_person
01129.jpg,not_a_person
01130.jpg,not_a_person
01131.jpg,not_a_person
01132.jpg,not_a_person
01133.jpg,not_a_person
01134.jpg,not_a_person
01135.jpg,not_a_person
01136.jpg,not_a_person
01137.jpg,not_a_person
01138.jpg,not_a_person
01139.jpg,not_a_person
01140.jpg,not_a_person
01141.jpg,not_a_person
01142.jpg,not_a_person
01143.jpg,not_a_person
01144.jpg,not_a_person
01145.jpg,not_a_person
01146.jpg,not_a_person
01147.jpg,not_a_person
01148.jpg,not_a_person
01149.jpg,not_a_person
01150.jpg,not_a_person
01151.jpg,not_a_person
01152.jpg,not_a_person
01153.jpg,not_a_person
01154.jpg,not_a_person
01155.jpg,not_a_person
01156.jpg,not_a_person
01157.jpg,not_a_person
01158.jpg,not_a_person
01159.jpg,not_a_person
01160.jpg,not_a_person
01161.jpg,not_a_person
01162.jpg,not_a_person
01163.jpg,not_a_person
01164.jpg,not_a_person
01165.jpg,not_a_person
01166.jpg,not_a_person
01167.jpg,not_a_person
01168.jpg,not_a_person
01169.jpg,not_a_person
01170.jpg,not_a_person
01171.jpg,not_a_person
01172.jpg,not_a_person
01173.jpg,not_a_person
01174.jpg,not_a_person
01175.jpg,not_a_person
01176.jpg,not_a_person
01177.jpg,not_a_person
01178.jpg,not_a_person
01179.jpg,not_a_person
01180.jpg,not_a_person
01181.jpg,not_a_person
01182.jpg,not_a_person
01183.jpg,not_a_person
01184.jpg,not_a_person
01185.jpg,not_a_person
01186.jpg,not_a_person
01187.jpg,not_a_person
01188.jpg,not_a_person
01189.jpg,not_a_person
01190.jpg,not_a_person
01191.jpg,not_a_person
01192.jpg,not_a_person
01193.jpg,not_a_person
01194.jpg,not_a_person
01195.jpg,not_a_person
01196.jpg,not_a_person
01197.jpg,not_a_person
01198.jpg,not_a_person
01199.jpg,not_a_person
01200.jpg,not_a_person
01201.jpg,not_a_person
01202.jpg,not_a_person
01203.jpg,not_a_person
01204.jpg,not_a_person
01205.jpg,not_a_person
01206.jpg,not_a_person
01207.jpg,not_a_person
01208.jpg,not_a_person
01209.jpg,not_a_person
01210.jpg,not_a_person
01211.jpg,not_a_person
01212.jpg,not_a_person
01213.jpg,not_a_person
01214.jpg,not_a_person
01215.jpg,not_a_person
01216.jpg,not_a_person
01217.jpg,not_a_person
01218.jpg,not_a_person
01219.jpg,not_a_person
01220.jpg,not_a_person
01221.jpg,not_a_person
01222.jpg,not_a_person
01223.jpg,not_a_person
01224.jpg,not_a_person
01225.jpg,not_a_person
01226.jpg,not_a_person
01227.jpg,not_a_person
01228.jpg,not_a_person
01229.jpg,not_a_person
01230.jpg,not_a_person
01231.jpg,not_a_person
01232.jpg,not_a_person
01233.jpg,not_a_person
01234.jpg,not_a_person
01235.jpg,not_a_person
01236.jpg,not_a_person
01237.jpg,not_a_person
01238.jpg,not_a_person
01239.jpg,not_a_person
01240.jpg,not_a_person
01241.jpg,not_a_person
01242.jpg,not_a_person
01243.jpg,not_a_person
01244.jpg,not_a_person
01245.jpg,not_a_person
01246.jpg,not_a_person
01247.jpg,not_a_person
01248.jpg,not_a_person
01249.jpg,not_a_person
01250.jpg,not_a_person
01251.jpg,not_a_person
01252.jpg,not_a_person
01253.jpg,not_a_person
01254.jpg,not_a_person
01255.jpg,not_a_person
01256.jpg,not_a_person
01257.jpg,not_a_person
01258.jpg,not_a_person
01259.jpg,not_a_person
01260.jpg,not_a_person
01261.jpg,not_a_person
01262.jpg,not_a_person
01263.jpg,not_a_person
01264.jpg,not_a_person
01265.jpg,not_a_person
01266.jpg,not_a_person
01267.jpg,not_a_person
01268.jpg,not_a_person
01269.jpg,not_a_person
01270.jpg,not_a_person
01271.jpg,not_a_person
01272.jpg,not_a_person
01273.jpg,not_a_person
01274.jpg,not_a_person
01275.jpg,not_a_person
01276.jpg,not_a_person
01277.jpg,not_a_person
01278.jpg,not_a_person
01279.jpg,not_a_person
01280.jpg,not_a_person
01281.jpg,not_a_person
01282.jpg,not_a_person
01283.jpg,not_a_person
01284.jpg,not_a_person
01285.jpg,not_a_person
01286.jpg,not_a_person
01287.jpg,not_a_person
01288.jpg,not_a_person
01289.jpg,not_a_person
01290.jpg,not_a_person
01291.jpg,not_a_person
01292.jpg,not_a_person
01293.jpg,not_a_person
01294.jpg,not_a_person
01295.jpg,not_a_person
01296.jpg,not_a_person
01297.jpg,not_a_person
01298.jpg,not_a_person
01299.jpg,not_a_person
01300.jpg,not_a_person
01301.jpg,not_a_person
01302.jpg,not_a_person
01303.jpg,not_a_person
01304.jpg,not_a_person
01305.jpg,not_a_person
01306.jpg,not_a_person
01307.jpg,not_a_person
01308.jpg,not_a_person
01309.jpg,not_a_person
01310.jpg,not_a_person
01311.jpg,not_a_person
01312.jpg,not_a_person
01313.jpg,not_a_person
01314.jpg,not_a_person
01315.jpg,not_a_person
01316.jpg,not_a_person
01317.jpg,not_a_person
01318.jpg,not_a_person
01319.jpg,not_a_person
01320.jpg,not_a_person
01321.jpg,not_a_person
01322.jpg,not_a_person
01323.jpg,not_a_person
01324.jpg,not_a_person
01325.jpg,not_a_person
01326.jpg,not_a_person
01327.jpg,not_a_person
01328.jpg,not_a_person
01329.jpg,not_a_person
01330.jpg,not_a_person
01331.jpg,not_a_person
01332.jpg,not_a_person
01333.jpg,not_a_person
01334.jpg,not_a_person
01335.jpg,not_a_person
01336.jpg,not_a_person
01337.jpg,not_a_person
01338.jpg,not_a_person
01339.jpg,not_a_person
01340.jpg,not_a_person
01341.jpg,not_a_person
01342.jpg,not_a_person
01343.jpg,not_a_person
01344.jpg,not_a_person
01345.jpg,not_a_person
01346.jpg,not_a_person
01347.jpg,not_a_person
01348.jpg,not_a_person
01349.jpg,not_a_person
01350.jpg,not_a_person
01351.jpg,not_a_person
01352.jpg,not_a_person
01353.jpg,not_a_person
01354.jpg,not_a_person
01355.jpg,not_a_person
01356.jpg,not_a_person
01357.jpg,not_a_person
01358.jpg,not_a_person
01359.jpg,not_a_person
01360.jpg,not_a_person
01361.jpg,not_a_person
01362.jpg,not_a_person
01363.jpg,not_a_person
01364.jpg,not_a_person
01365.jpg,not_a_person
01366.jpg,not_a_person
01367.jpg,not_a_person
01368.jpg,not_a_person
01369.jpg,not_a_person
01370.jpg,not_a_person
01371.jpg,not_a_person
01372.jpg,not_a_person
01373.jpg,not_a_person
01374.jpg,not_a_person
01375.jpg,not_a_person
01376.jpg,not_a_person
01377.jpg,not_a_person
01378.jpg,not_a_person
01379.jpg,not_a_person
01380.jpg,not_a_person
01381.jpg,not_a_person
01382.jpg,not_a_person
01383.jpg,not_a_person
01384.jpg,not_a_person
01385.jpg,not_a_person
01386.jpg,not_a_person
01387.jpg,not_a_person
01388.jpg,not_a_person
01389.jpg,not_a_person
01390.jpg,not_a_person
01391.jpg,not_a_person
01392.jpg,not_a_person
01393.jpg,not_a_person
01394.jpg,not_a_person
01395.jpg,not_a_person
01396.jpg,not_a_person
01397.jpg,not_a_person
01398.jpg,not_a_person
01399.jpg,not_a_person
01400.jpg,not_a_person
01401.jpg,not_a_person
01402.jpg,not_a_person
01403.jpg,not_a_person
01404.jpg,not_a_person
01405.jpg,not_a_person
01406.jpg,not_a_person
01407.jpg,not_a_person
01408.jpg,not_a_person
01409.jpg,not_a_person
01410.jpg,not_a_person
01411.jpg,not_a_person
01412.jpg,not_a_person
01413.jpg,not_a_person
01414.jpg,not_a_person
01415.jpg,not_a_person
01416.jpg,not_a_person
01417.jpg,not_a_person
01418.jpg,not_a_person
01419.jpg,not_a_person
01420.jpg,not_a_person
01421.jpg,not_a_person
01422.jpg,not_a_person
01423.jpg,not_a_person
01424.jpg,not_a_person
01425.jpg,not_a_person
01426.jpg,not_a_person
01427.jpg,not_a_person
01428.jpg,not_a_person
01429.jpg,not_a_person
01430.jpg,not_a_person
01431.jpg,not_a_person
01432.jpg,not_a_person
01433.jpg,not_a_person
01434.jpg,not_a_person
01435.jpg,not_a_person
01436.jpg,not_a_person
01437.jpg,not_a_person
01438.jpg,not_a_person
01439.jpg,not_a_person
01440.jpg,not_a_person
01441.jpg,not_a_person
01442.jpg,not_a_person
01443.jpg,not_a_person
01444.jpg,not_a_person
01445.jpg,not_a_person
01446.jpg,not_a_person
01447.jpg,not_a_person
01448.jpg,not_a_person
01449.jpg,not_a_person
01450.jpg,not_a_person
01451.jpg,not_a_person
01452.jpg,not_a_person
01453.jpg,not_a_person
01454.jpg,not_a_person
01455.jpg,not_a_person
01456.jpg,not_a_person
01457.jpg,not_a_person
01458.jpg,not_a_person
01459.jpg,not_a_person
01460.jpg,not_a_person
01461.jpg,not_a_person
01462.jpg,not_a_person
01463.jpg,not_a_person
01464.jpg,not_a_person
01465.jpg,not_a_person
01466.jpg,not_a_person
01467.jpg,not_a_person
01468.jpg,not_a_person
01469.jpg,not_a_person
01470.jpg,not_a_person
01471.jpg,not_a_person
01472.jpg,not_a_person
01473.jpg,not_a_person
01474.jpg,not_a_person
01475.jpg,not_a_person
01476.jpg,not_a_person
01477.jpg,not_a_person
01478.jpg,not_a_person
01479.jpg,not_a_person
01480.jpg,not_a_person
01481.jpg,not_a_person
01482.jpg,not_a_person
01483.jpg,not_a_person
01484.jpg,not_a_person
01485.jpg,not_a_person
01486.jpg,not_a_person
01487.jpg,not_a_person
01488.jpg,not_a_person
01489.jpg,not_a_person
01490.jpg,not_a_person
01491.jpg,not_a_person
01492.jpg,not_a_person
01493.jpg,not_a_person
01494.jpg,not_a_person
01495.jpg,not_a_person
01496.jpg,not_a_person
01497.jpg,not_a_person
01498.jpg,not_a_person
01499.jpg,not_a_person
01500.jpg,not_a_person
01501.jpg,not_a_person
01502.jpg,not_a_person
01503.jpg,not_a_person
01504.jpg,not_a_person
01505.jpg,not_a_person
01506.jpg,not_a_person
01507.jpg,not_a_person
01508.jpg,not_a_person
01509.jpg,not_a_person
01510.jpg,not_a_person
01511.jpg,not_a_person
01512.jpg,not_a_person
01513.jpg,not_a_person
01514.jpg,not_a_person
01515.jpg,not_a_person
01516.jpg,not_a_person
01517.jpg,not_a_person
01518.jpg,not_a_person
01519.jpg,not_a_person
01520.jpg,not_a_person
01521.jpg,not_a_person
01522.jpg,not_a_person
01523.jpg,not_a_person
01524.jpg,not_a_person
01525.jpg,not_a_person
01526.jpg,not_a_person
01527.jpg,not_a_person
01528.jpg,not_a_person
01529.jpg,not_a_person
01530.jpg,not_a_person
01531.jpg,not_a_person
01532.jpg,not_a_person
01533.jpg,not_a_person
01534.jpg,not_a_person
01535.jpg,not_a_person
01536.jpg,not_a_person
01537.jpg,not_a_person
01538.jpg,not_a_person
01539.jpg,not_a_person
01540.jpg,not_a_person
01541.jpg,not_a_person
01542.jpg,not_a_person
01543.jpg,not_a_person
01544.jpg,not_a_person
01545.jpg,not_a_person
01546.jpg,not_a_person
01547.jpg,not_a_person
01548.jpg,not_a_person
01549.jpg,not_a_person
01550.jpg,not_a_person
01551.jpg,not_a_person
01552.jpg,not_a_person
01553.jpg,not_a_person
01554.jpg,not_a_person
01555.jpg,not_a_person
01556.jpg,not_a_person
01557.jpg,not_a_person
01558.jpg,not_a_person
01559.jpg,not_a_person
01560.jpg,not_a_person
01561.jpg,not_a_person
01562.jpg,not_a_person
01563.jpg,not_a_person
01564.jpg,not_a_person
01565.jpg,not_a_person
01566.jpg,not_a_person
01567.jpg,not_a_person
01568.jpg,not_a_person
01569.jpg,not_a_person
01570.jpg,not_a_person
01571.jpg,not_a_person
01572.jpg,not_a_person
01573.jpg,not_a_person
01574.jpg,not_a_person
01575.jpg,not_a_person
01576.jpg,not_a_person
01577.jpg,not_a_person
01578.jpg,not_a_person
01579.jpg,not_a_person
01580.jpg,not_a_person
01581.jpg,not_a_person
01582.jpg,not_a_person
01583.jpg,not_a_person
01584.jpg,not_a_person
01585.jpg,not_a_person
01586.jpg,not_a_person
01587.jpg,not_a_person
01588.jpg,not_a_person
01589.jpg,not_a_person
01590.jpg,not_a_person
01591.jpg,not_a_person
01592.jpg,not_a_person
01593.jpg,not_a_person
01594.jpg,not_a_person
01595.jpg,not_a_person
01596.jpg,not_a_person
01597.jpg,not_a_person
01598.jpg,not_a_person
01599.jpg,not_a_person
01600.jpg,not_a_person
01601.jpg,not_a_person
01602.jpg,not_a_person
01603.jpg,not_a_person
01604.jpg,not_a_person
01605.jpg,not_a_person
01606.jpg,not_a_person
01607.jpg,not_a_person
01608.jpg,not_a_person
01609.jpg,not_a_person
01610.jpg,not_a_person
01611.jpg,not_a_person
01612.jpg,not_a_person
01613.jpg,not_a_person
01614.jpg,not_a_person
01615.jpg,not_a_person
01616.jpg,not_a_person
01617.jpg,not_a_person
01618.jpg,not_a_person
01619.jpg,not_a_person
01620.jpg,not_a_person
01621.jpg,not_a_person
01622.jpg,not_a_person
01623.jpg,not_a_person
01624.jpg,not_a_person
01625.jpg,not_a_person
01626.jpg,not_a_person
01627.jpg,not_a_person
01628.jpg,not_a_person
01629.jpg,not_a_person
01630.jpg,not_a_person
01631.jpg,not_a_person
01632.jpg,not_a_person
01633.jpg,not_a_person
01634.jpg,not_a_person
01635.jpg,not_a_person
01636.jpg,not_a_person
01637.jpg,not_a_person
01638.jpg,not_a_person
01639.jpg,not_a_person
01640.jpg,not_a_person
01641.jpg,not_a_person
01642.jpg,not_a_person
01643.jpg,not_a_person
01644.jpg,not_a_person
01645.jpg,not_a_person
01646.jpg,not_a_person
01647.jpg,not_a_person
01648.jpg,not_a_person
01649.jpg,not_a_person
01650.jpg,not_a_person
01651.jpg,not_a_person
01652.jpg,not_a_person
01653.jpg,not_a_person
01654.jpg,not_a_person
01655.jpg,not_a_person
01656.jpg,not_a_person
01657.jpg,not_a_person
01658.jpg,not_a_person
01659.jpg,not_a_person
01660.jpg,not_a_person
01661.jpg,not_a_person
01662.jpg,not_a_person
01663.jpg,not_a_person
01664.jpg,not_a_person
01665.jpg,not_a_person
01666.jpg,not_a_person
01667.jpg,not_a_person
01668.jpg,not_a_person
01669.jpg,not_a_person
01670.jpg,not_a_person
01671.jpg,not_a_person
01672.jpg,not_a_person
01673.jpg,not_a_person
01674.jpg,not_a_person
01675.jpg,not_a_person
01676.jpg,not_a_person
01677.jpg,not_a_person
01678.jpg,not_a_person
01679.jpg,not_a_person
01680.jpg,not_a_person
01681.jpg,not_a_person
01682.jpg,not_a_person
01683.jpg,not_a_person
01684.jpg,not_a_person
01685.jpg,not_a_person
01686.jpg,not_a_person
01687.jpg,not_a_person
01688.jpg,not_a_person
01689.jpg,not_a_person
01690.jpg,not_a_person
01691.jpg,not_a_person
01692.jpg,not_a_person
01693.jpg,not_a_person
01694.jpg,not_a_person
01695.jpg,not_a_person
01696.jpg,not_a_person
01697.jpg,not_a_person
01698.jpg,not_a_person
01699.jpg,not_a_person
01700.jpg,not_a_person
01701.jpg,not_a_person
01702.jpg,not_a_person
01703.jpg,not_a_person
01704.jpg,not_a_person
01705.jpg,not_a_person
01706.jpg,not_a_person
01707.jpg,not_a_person
01708.jpg,not_a_person
01709.jpg,not_a_person
01710.jpg,not_a_person
01711.jpg,not_a_person
01712.jpg,not_a_person
01713.jpg,not_a_person
01714.jpg,not_a_person
01715.jpg,not_a_person
01716.jpg,not_a_person
01717.jpg,not_a_person
01718.jpg,not_a_person
01719.jpg,not_a_person
01720.jpg,not_a_person
01721.jpg,not_a_person
01722.jpg,not_a_person
01723.jpg,not_a_person
01724.jpg,not_a_person
01725.jpg,not_a_person
01726.jpg,not_a_person
01727.jpg,not_a_person
01728.jpg,not_a_person
01729.jpg,not_a_person
01730.jpg,not_a_person
01731.jpg,not_a_person
01732.jpg,not_a_person
01733.jpg,not_a_person
01734.jpg,not_a_person
01735.jpg,not_a_person
01736.jpg,not_a_person
01737.jpg,not_a_person
01738.jpg,not_a_person
01739.jpg,not_a_person
01740.jpg,not_a_person
01741.jpg,not_a_person
01742.jpg,not_a_person
01743.jpg,not_a_person
01744.jpg,not_a_person
01745.jpg,not_a_person
01746.jpg,not_a_person
01747.jpg,not_a_person
01748.jpg,not_a_person
01749.jpg,not_a_person
01750.jpg,not_a_person
01751.jpg,not_a_person
01752.jpg,not_a_person
01753.jpg,not_a_person
01754.jpg,not_a_person
01755.jpg,not_a_person
01756.jpg,not_a_person
01757.jpg,not_a_person
01758.jpg,not_a_person
01759.jpg,not_a_person
01760.jpg,not_a_person
01761.jpg,not_a_person
01762.jpg,not_a_person
01763.jpg,not_a_person
01764.jpg,not_a_person
01765.jpg,not_a_person
01766.jpg,not_a_person
01767.jpg,not_a_person
01768.jpg,not_a_person
01769.jpg,not_a_person
01770.jpg,not_a_person
01771.jpg,not_a_person
01772.jpg,not_a_person
01773.jpg,not_a_person
01774.jpg,not_a_person
01775.jpg,not_a_person
01776.jpg,not_a_person
01777.jpg,not_a_person
01778.jpg,not_a_person
01779.jpg,not_a_person
01780.jpg,not_a_person
01781.jpg,not_a_person
01782.jpg,not_a_person
01783.jpg,not_a_person
01784.jpg,not_a_person
01785.jpg,not_a_person
01786.jpg,not_a_person
01787.jpg,not_a_person
01788.jpg,not_a_person
01789.jpg,not_a_person
01790.jpg,not_a_person
01791.jpg,not_a_person
01792.jpg,not_a_person
01793.jpg,not_a_person
01794.jpg,not_a_person
01795.jpg,not_a_person
01796.jpg,not_a_person
01797.jpg,not_a_person
01798.jpg,not_a_person
01799.jpg,not_a_person
01800.jpg,not_a_person
01801.jpg,not_a_person
01802.jpg,not_a_person
01803.jpg,not_a_person
01804.jpg,not_a_person
01805.jpg,not_a_person
01806.jpg,not_a_person
01807.jpg,not_a_person
01808.jpg,not_a_person
01809.jpg,not_a_person
01810.jpg,not_a_person
01811.jpg,not_a_person
01812.jpg,not_a_person
01813.jpg,not_a_person
01814.jpg,not_a_person
01815.jpg,not_a_person
01816.jpg,not_a_person
01817.jpg,not_a_person
01818.jpg,not_a_person
01819.jpg,not_a_person
01820.jpg,not_a_person
01821.jpg,not_a_person
01822.jpg,not_a_person
01823.jpg,not_a_person
01824.jpg,not_a_person
01825.jpg,not_a_person
01826.jpg,not_a_person
01827.jpg,not_a_person
01828.jpg,not_a_person
01829.jpg,not_a_person
01830.jpg,not_a_person
01831.jpg,not_a_person
01832.jpg,not_a_person
01833.jpg,not_a_person
01834.jpg,not_a_person
01835.jpg,not_a_person
01836.jpg,not_a_person
01837.jpg,not_a_person
01838.jpg,not_a_person
01839.jpg,not_a_person
01840.jpg,not_a_person
01841.jpg,not_a_person
01842.jpg,not_a_person
01843.jpg,not_a_person
01844.jpg,not_a_person
01845.jpg,not_a_person
01846.jpg,not_a_person
01847.jpg,not_a_person
01848.jpg,not_a_person
01849.jpg,not_a_person
01850.jpg,not_a_person
01851.jpg,not_a_person
01852.jpg,not_a_person
01853.jpg,not_a_person
01854.jpg,not_a_person
01855.jpg,not_a_person
01856.jpg,not_a_person
01857.jpg,not_a_person
01858.jpg,not_a_person
01859.jpg,not_a_person
01860.jpg,not_a_person
01861.jpg,not_a_person
01862.jpg,not_a_person
01863.jpg,not_a_person
01864.jpg,not_a_person
01865.jpg,not_a_person
01866.jpg,not_a_person
01867.jpg,not_a_person
01868.jpg,not_a_person
01869.jpg,not_a_person
01870.jpg,not_a_person
01871.jpg,not_a_person
01872.jpg,not_a_person
01873.jpg,not_a_person
01874.jpg,not_a_person
01875.jpg,not_a_person
01876.jpg,not_a_person
01877.jpg,not_a_person
01878.jpg,not_a_person
01879.jpg,not_a_person
01880.jpg,not_a_person
01881.jpg,not_a_person
01882.jpg,not_a_person
01883.jpg,not_a_person
01884.jpg,not_a_person
01885.jpg,not_a_person
01886.jpg,not_a_person
01887.jpg,not_a_person
01888.jpg,not_a_person
01889.jpg,not_a_person
01890.jpg,not_a_person
01891.jpg,not_a_person
01892.jpg,not_a_person
01893.jpg,not_a_person
01894.jpg,not_a_person
01895.jpg,not_a_person
01896.jpg,not_a_person
01897.jpg,not_a_person
01898.jpg,not_a_person
01899.jpg,not_a_person
01900.jpg,not_a_person
01901.jpg,not_a_person
01902.jpg,not_a_person
01903.jpg,not_a_person
01904.jpg,not_a_person
01905.jpg,not_a_person
01906.jpg,not_a_person
01907.jpg,not_a_person
01908.jpg,not_a_person
01909.jpg,not_a_person
01910.jpg,not_a_person
01911.jpg,not_a_person
01912.jpg,not_a_person
01913.jpg,not_a_person
01914.jpg,not_a_person
01915.jpg,not_a_person
01916.jpg,not_a_person
01917.jpg,not_a_person
01918.jpg,not_a_person
01919.jpg,not_a_person
01920.jpg,not_a_person
01921.jpg,not_a_person
01922.jpg,not_a_person
01923.jpg,not_a_person
01924.jpg,not_a_person
01925.jpg,not_a_person
01926.jpg,not_a_person
01927.jpg,not_a_person
01928.jpg,not_a_person
01929.jpg,not_a_person
01930.jpg,not_a_person
01931.jpg,not_a_person
01932.jpg,not_a_person
01933.jpg,not_a_person
01934.jpg,not_a_person
01935.jpg,not_a_person
01936.jpg,not_a_person
01937.jpg,not_a_person
01938.jpg,not_a_person
01939.jpg,not_a_person
01940.jpg,not_a_person
01941.jpg,not_a_person
01942.jpg,not_a_person
01943.jpg,not_a_person
01944.jpg,not_a_person
01945.jpg,not_a_person
01946.jpg,not_a_person
01947.jpg,not_a_person
01948.jpg,not_a_person
01949.jpg,not_a_person
01950.jpg,not_a_person
01951.jpg,not_a_person
01952.jpg,not_a_person
01953.jpg,not_a_person
01954.jpg,not_a_person
01955.jpg,not_a_person
01956.jpg,not_a_person
01957.jpg,not_a_person
01958.jpg,not_a_person
01959.jpg,not_a_person
01960.jpg,not_a_person
01961.jpg,not_a_person
01962.jpg,not_a_person
01963.jpg,not_a_person
01964.jpg,not_a_person
01965.jpg,not_a_person
01966.jpg,not_a_person
01967.jpg,not_a_person
01968.jpg,not_a_person
01969.jpg,not_a_person
01970.jpg,not_a_person
01971.jpg,not_a_person
01972.jpg,not_a_person
01973.jpg,not_a_person
01974.jpg,not_a_person
01975.jpg,not_a_person
01976.jpg,not_a_person
01977.jpg,not_a_person
01978.jpg,not_a_person
01979.jpg,not_a_person
01980.jpg,not_a_person
01981.jpg,not_a_person
01982.jpg,not_a_person
01983.jpg,not_a_person
01984.jpg,not_a_person
01985.jpg,not_a_person
01986.jpg,not_a_person
01987.jpg,not_a_person
01988.jpg,not_a_person
01989.jpg,not_a_person
01990.jpg,not_a_person
01991.jpg,not_a_person
01992.jpg,not_a_person
01993.jpg,not_a_person
01994.jpg,not_a_person
01995.jpg,not_a_person
01996.jpg,not_a_person
01997.jpg,not_a_person
01998.jpg,not_a_person
01999.jpg,not_a_person
02000.jpg,not_a_person
